#CODE;ENGLISH;FRENCH;GERMAN;;SPANISH;;x;
;;;;;;;x;
#GONDORIAN;;x;;;;;;x
emperor_culture_gondorian;King;Roi;;;;;x;
king_culture_gondorian;Prince;Prince;;;;;x;
duke_culture_gondorian;Governor;Gouverneur;;;;;x;
count_culture_gondorian;Lord;Seigneur;;;;;x;
city_baron_culture_gondorian;Ostherdir;Ostherdir;;;;;x;
baron_culture_gondorian;Sir;Sire;;;;;x;
temple_baron_culture_gondorian;Custodian of Traditions;Gardien des Traditions;;;;;x;
emperor_female_culture_gondorian;Queen;Reine;;;;;x;
king_female_culture_gondorian;Princess;Princess;;;;;x;
duke_female_culture_gondorian;Governor;Gouverneur;;;;;x;
count_female_culture_gondorian;Lady;Dame;;;;;x;
empire_of_culture_gondorian;Kingdom of;Royaume de;;;;;x;
kingdom_of_culture_gondorian;Principality of;Principauté de;;;;;x;
duchy_of_culture_gondorian;District of;District de;;;;;x
county_of_culture_gondorian;Lordship of;Seigneurie de;;;;;x
city_barony_of_culture_gondorian;City of;Cité de;;;;;x
barony_of_culture_gondorian;Citadel of;Citadelle de;;;;;x
temple_barony_of_culture_gondorian;House of Traditions of;Maison des Traditions de;;;;;x
city_empire_of_culture_gondorian;Guild of Venturers of;Guilde des Aventuriers de;;;;;x
city_kingdom_of_culture_gondorian;Guild of Venturers of;Guilde des Aventuriers de;;;;;x
city_duchy_of_culture_gondorian;Guild of Venturers of;Guilde des Aventuriers de;;;;;x
city_county_of_culture_gondorian;Guild of Venturers of;Guilde des Aventuriers de;;;;;x
city_count_culture_gondorian;Captain;Capitaine;;;;;x
city_duke_culture_gondorian;Lord Captain;Armateur en Chef;;;;;x
city_king_culture_gondorian;Lord Captain;Armateur en Chef;;;;;x
family_palace_culture_gondorian;Shipyard;Chantier Naval;;;;;x
family_palace_baron_culture_gondorian;Captain;Capitaine;;;;;x
family_palace_baron_female_culture_gondorian;Captain;Capitaine;;;;;x
family_palace_barony_of_culture_gondorian;Shipyard of;Chantier Naval de;;;;;x
family_palace_baron_foa_culture_gondorian;Sir;Sir;;;;;x;
family_palace_baron_deed_culture_gondorian;Chair of;Siège de;;;;;x;
#DUNEDAIN;;x;;;;;;x
emperor_culture_dunedain;King;Roi;;;;;x;
king_culture_dunedain;Prince;Prince;;;;;x;
duke_culture_dunedain;Governor;Gouverneur;;;;;x;
count_culture_dunedain;Lord;Seigneur;;;;;x;
city_baron_culture_dunedain;Lord Mayor;Seigneur-Maire;;;;;x;
baron_culture_dunedain;Sir;Sire;;;;;x;
temple_baron_culture_dunedain;Custodian of Traditions;Gardien des Traditions;;;;;x;
emperor_female_culture_dunedain;High Queen;Haute-Reine;;;;;x;
king_female_culture_dunedain;Queen;Reine;;;;;x;
duke_female_culture_dunedain;Guardian;Gardienne;;;;;x;
count_female_culture_dunedain;Lady;Dame;;;;;x;
empire_of_culture_dunedain;High Kingdom of;Royaume de;;;;;x;
kingdom_of_culture_dunedain;Kingdom of;Royaume de;;;;;x;
duchy_of_culture_dunedain;Watch of;District de;;;;;x;
county_of_culture_dunedain;Territory of;Territoire de;;;;;x;
city_barony_of_culture_dunedain;City of;Cité de;;;;;x;
barony_of_culture_dunedain;Citadel of;Citadelle de;;;;;x;
temple_barony_of_culture_dunedain;House of Traditions of;Maison des Traditions de;;;;;x;

#ROHIRRIM;;x;;;;;;x
emperor_culture_rohirrim;Heighalthane;Heighalthane;;;;;x;
king_culture_rohirrim;Althane;Althane;;;;;x;
duke_culture_rohirrim;Heah-thane;Heah-thane;;;;;x;
count_culture_rohirrim;Thane;Thane;;;;;x;
city_baron_culture_rohirrim;Gerefa;Gerefa;;;;;x;
baron_culture_rohirrim;Burgwarder;Burgwarder;;;;;x;
temple_baron_culture_rohirrim;Custodian;Gardien;;;;;x;
empire_of_culture_rohirrim;High Kingdom of;Royaume de;;;;;x;
kingdom_of_culture_rohirrim;Kingdom of;Royaume de;;;;;x;
duchy_of_culture_rohirrim;Territory of;Territoire de;;;;;x;
county_of_culture_rohirrim;Neahmaerc of;Neahmaerc of;;;;;x;
city_barony_of_culture_rohirrim;Village of;Village de;;;;;x;
barony_of_culture_rohirrim;Stronghold of;Place-Forte de;;;;;x;
temple_barony_of_culture_rohirrim;Ancestral Hall of;Hall Ancestral de;;;;;x;

#HOBBIT;;x;;;;;;x
emperor_culture_group_halfling;High Thain;Roi;;;;;x;
king_culture_group_halfling;Thain;Thain;;;;;x;
duke_culture_group_halfling;Shiriff;Gardien;;;;;x;
count_culture_group_halfling;Messr;;;;;;x;
city_baron_culture_group_halfling;Messr;;;;;;x;
baron_culture_group_halfling;Messr;;;;;;x;
temple_baron_culture_group_halfling;Guardian of Mathoms;Gardien des Mathoms;;;;;x;
empire_of_culture_group_halfling;High Thaindom of;Royaume de;;;;;x;
kingdom_of_culture_group_halfling;Thaindom of;Thaindom de;;;;;x;
duchy_of_culture_group_halfling;Mayordom of;;;;;;x;;;;;;;;
county_of_culture_group_halfling;Township of;Canton de;;;;;x;;;;;;;;
city_barony_of_culture_group_halfling;Hamlet of;Hameau de;;;;;x;;;;;;;;
barony_of_culture_group_halfling;Village of;Village de;;;;;x;;;;;;;;
temple_barony_of_culture_group_halfling;House of Mathoms of;Maison des Mathoms de;;;;;x;;;;;;;;
count_female_culture_group_halfling;Missus;;;;;;;;;;;;;;x
countess_culture_group_halfling;Missus;;;;;;;;;;;;;;x
duke_female_culture_group_halfling;Madam;;;;;;;;;;;;;;x
duchess_culture_group_halfling;Madam;;;;;;;;;;;;;;x
king_female_culture_group_halfling;Thainess;;;;;;;;;;;;;;x
queen_culture_group_halfling;Thainess;;;;;;;;;;;;;;x

#ENTS;;x;;;;;;x;;;;;;;
emperor_culture_entish;Ancient Shepherd of Trees;Ancien Berger des Arbres;;;;;x;;;;;;;;
king_culture_entish;Shepherd of Trees;Berger des Arbres;;;;;x;;;;;;;;
duke_culture_entish;Protector;Protecteur;;;;;x;;;;;;;;
count_culture_entish;Guardian;Gardien;;;;;x;
city_baron_culture_entish;Old Ent;Vieil Ent;;;;;x;
baron_culture_entish;Old Ent;Vieil Ent;;;;;x;
temple_baron_culture_entish;Old Ent;Vieil Ent;;;;;x;
empire_of_culture_entish;Forest of;Forêt de;;;;;x;
kingdom_of_culture_entish;Forest of;Forêt de;;;;;x;
duchy_of_culture_entish;Grove of;Bosquet de;;;;;x;
county_of_culture_entish;Glade of;Clairière de;;;;;x;
city_barony_of_culture_entish;Trees of;Arbres de;;;;;x;
barony_of_culture_entish;Holt of;Colline de;;;;;x;
temple_barony_of_culture_entish;Circle of Nature of;Cercle de Nature de;;;;;x;
;;;;;;;x;
#HUORNS;;x;;;;;;x
emperor_culture_huorn;Ancient Protector;Protecteur Ancien;;;;;x;
king_culture_huorn;Ancient Protector;Protecteur Ancien;;;;;x;
duke_culture_huorn;Guardian;Gardien;;;;;x;
count_culture_huorn;Keeper;Surveillant;;;;;x;
city_baron_culture_huorn;Old Huorn;Vieil Huorn;;;;;x;
baron_culture_huorn;Old Huorn;Vieil Huorn;;;;;x;
temple_baron_culture_huorn;Old Huorn;Vieil Huorn;;;;;x;
empire_of_culture_huorn;Forest of;Forêt de;;;;;x;
kingdom_of_culture_huorn;Forest of;Forêt de;;;;;x;
duchy_of_culture_huorn;Grove of;Bosquet de;;;;;x;
county_of_culture_huorn;Glade of;Clairière de;;;;;x;
city_barony_of_culture_huorn;Trees of;Arbres de;;;;;x;
barony_of_culture_huorn;Holt of;Colline de;;;;;x;
temple_barony_of_culture_huorn;Circle of Nature of;Cercle de Nature de;;;;;x;
;;;;;;;x;
#DRUEDAIN;;x;;;;;;x
emperor_culture_druedain;Supreme Chief;Chef Suprême;;;;;x;
king_culture_druedain;Great Chief;Grand Chef;;;;;x;
duke_culture_druedain;High Chief;Haut-Chef;;;;;x;
count_culture_druedain;Chief;Chef;;;;;x;
city_baron_culture_druedain;Hunt Master;Maitre de Chasse;;;;;x;
baron_culture_druedain;Bowmen Master;Maitre des Archers;;;;;x;
temple_baron_culture_druedain;Shaman;Shaman;;;;;x;
empire_of_culture_druedain;Great Clan of;Grand Clan de;;;;;x;
kingdom_of_culture_druedain;Great Clan of;Grand Clan de;;;;;x;
duchy_of_culture_druedain;Territory of;Territoire de;;;;;x;
county_of_culture_druedain;Clan of;Clan de;;;;;x;
city_barony_of_culture_druedain;Huts of;Cabanes de;;;;;x;
barony_of_culture_druedain;Bowyers' Hall of;Salles des Archers de;;;;;x;
temple_barony_of_culture_druedain;Púkel Statues of;Statues de Pukel de;;;;;x;
;;;;;;;x;
#ORKISH;;x;;;;;;x
emperor_culture_orkish;Dark Lord;Seigneur Noir;;;;;x;
king_culture_orkish;Overlord;Seigneur;;;;;x;
duke_culture_orkish;Chief;Chef;;;;;x;
count_culture_orkish;Captain;Capitaine;;;;;x;
city_baron_culture_orkish;Master;Maître;;;;;x;
baron_culture_orkish;Ward;Surveillant;;;;;x;
temple_baron_culture_orkish;Sacrificer;Sacrificateur;;;;;x;
empire_of_culture_orkish;Wastes of;Terres Abandonnées de;;;;;x;
kingdom_of_culture_orkish;Lands of;Pays de;;;;;x;
duchy_of_culture_orkish;Territory of;Territoire de;;;;;x;
county_of_culture_orkish;Encampment of;Campement de;;;;;x;
city_barony_of_culture_orkish;Ruins of;Ruines de;;;;;x;
barony_of_culture_orkish;Fortress of;Forteresse de;;;;;x;
temple_barony_of_culture_orkish;Sacrificial Altar of;Autel Sacrificiel de;;;;;x;
;;;;;;;x;
#GOBLIN;;x;;;;;;x
emperor_culture_goblin;King;Haut-Roi;;;;;x;
king_culture_goblin;King;Roi;;;;;x;
duke_culture_goblin;Chief;Chef;;;;;x;
count_culture_goblin;Captain;Capitaine;;;;;x;
city_baron_culture_goblin;Master;Maître;;;;;x;
baron_culture_goblin;Warden;Surveillant;;;;;x;
temple_baron_culture_goblin;Treasurer;Trésorier;;;;;x;
empire_of_culture_goblin;Wastelands of;Terres Désertiques de;;;;;x;
kingdom_of_culture_goblin;Lands of;Pays de;;;;;x;
duchy_of_culture_goblin;Territory of;Territoire de;;;;;x;
county_of_culture_goblin;Outpost of;Avant-Poste de;;;;;x;
city_barony_of_culture_goblin;Den of;Tanière de;;;;;x;
barony_of_culture_goblin;Fortress of;Forteresse de;;;;;x;
temple_barony_of_culture_goblin;Hall of Looting of;Salle du Pillage de;;;;;x;
;;;;;;;x;
#URUKHAI;;x;;;;;;x
emperor_culture_urukhai;Dark Lord;Seigneur Noir;;;;;x;
king_culture_urukhai;Great Chief;Grand Chef;;;;;x;
duke_culture_urukhai;Chief Captain;Capitaine;;;;;x;
count_culture_urukhai;Chief;Chef;;;;;x;
city_baron_culture_urukhai;Master;Maître;;;;;x;
baron_culture_urukhai;Warden;Surveillant;;;;;x;
temple_baron_culture_urukhai;Sacrificer;Sacrificateur;;;;;x;
empire_of_culture_urukhai;Ravages of;Terres Ravagées de;;;;;x;
kingdom_of_culture_urukhai;Lands of;Terres de;;;;;x;
duchy_of_culture_urukhai;Territory of;Territoire de;;;;;x;
county_of_culture_urukhai;Base Camp of;Camp de;;;;;x;
city_barony_of_culture_urukhai;Lairs of;Repaire de;;;;;x;
barony_of_culture_urukhai;Fortress of;Forteresse de;;;;;x;
temple_barony_of_culture_urukhai;Circle of War of;Cercle de Guerre de;;;;;x;
;;;;;;;x;
;;;;;;;x;
#HALF-ORC;;x;;;;;;x
empire_of_culture_half_orc;Devastations of;Terres dévastées de;;;;;x;
kingdom_of_culture_half_orc;Lands of;Terres de;;;;;x;
duchy_of_culture_half_orc;Territory of;Territoire de;;;;;x;
county_of_culture_half_orc;Encampment of;Campement de;;;;;x;
city_baron_culture_half_orc;Master;Maître;;;;;x;
baron_culture_half_orc;Guard;Surveillant;;;;;x;
temple_baron_culture_half_orc;Sacrificer;Sacrificateur;;;;;x;
emperor_culture_half_orc;Dark Lord;Seigneur Noir;;;;;x;
king_culture_half_orc;High Chief;Grand Chef;;;;;x;
duke_culture_half_orc;Chief;Chef;;;;;x;
count_culture_half_orc;Master;Maitre;;;;;x;
city_barony_of_culture_half_orc;Ruins of;Ruine de;;;;;x;
barony_of_culture_half_orc;Fortress of;Forteresse de;;;;;x;
temple_barony_of_culture_half_orc;Sacrificial Altar of;Autel Sacrificiel de;;;;;x;
;;;;;;;x;
#HARADRIM;;x;;;;;;x
emperor_culture_haradrim;High Autarb;Suprême Autarb;;;;;x;
king_culture_haradrim;Autarb;Autarb;;;;;x;
duke_culture_haradrim;P'tan;P'tan;;;;;x;;;;;;;;
count_culture_haradrim;Tarb;Tarb;;;;;x;;;;;;;;
city_baron_culture_haradrim;Head;Capitaine;;;;;x;;;;;;;;
baron_culture_haradrim;Chak;Chak;;;;;x;;;;;;;;
temple_baron_culture_haradrim;Dark Priest;Prêtre Noir;;;;;x;;;;;;;;
empire_of_culture_haradrim;Tribal Empire of;Empire Tribal de;;;;;x;;;;;;;;
kingdom_of_culture_haradrim;Tribe of;Tribu de;;;;;x;;;;;;;;
duchy_of_culture_haradrim;Clan of;Clan de;;;;;x;;;;;;;;
county_of_culture_haradrim;Encampment of;Campement de;;;;;x;;;;;;;;
city_barony_of_culture_haradrim;Oasis of;Caravane de;;;;;x;;;;;;;;
barony_of_culture_haradrim;Blockhouse of;Camp Fortifié de;;;;;x;;;;;;;;
temple_barony_of_culture_haradrim;Dark Shrine of;Temple Noir de;;;;;x;;;;;;;;
;;;;;;;x;;;;;;;;
#FAR HARADRIM;;x;;;;;;x;;;;;;;
emperor_culture_far_haradrim;High Autarb;Suprême Autarb;;;;;x; ;;;;;;;
king_culture_far_haradrim;Autarb;Autarb;;;;;x;;;;;;;; 
duke_culture_far_haradrim;P'tan;P'tan;;;;;x;;;;;;;; 
count_culture_far_haradrim;Tarb;Tarb;;;;;x;;;;;;;; 
city_baron_culture_far_haradrim;Head;Capitaine;;;;;x; ;;;;;;;
baron_culture_far_haradrim;Chak;Chak;;;;;x; ;;;;;;;
temple_baron_culture_far_haradrim;Dark Priest;Prêtre Noir;;;;;x;; ;;;;;;
empire_of_culture_far_haradrim;Tribal Empire of;Empire Tribal de;;;;;x; ;;;;;;;
kingdom_of_culture_far_haradrim;Tribe of;Tribu de;;;;;x;;;;;;;; 
duchy_of_culture_far_haradrim;Clan of;Clan de;;;;;x;;;;;;;; 
county_of_culture_far_haradrim;Encampment of;Campement de;;;;;x;;;;;;;; 
city_barony_of_culture_far_haradrim;Caravans of;Caravane de;;;;;x; ;;;;;;;
barony_of_culture_far_haradrim;Blockhouse of;Camp Fortifié de;;;;;x; ;;;;;;;
temple_barony_of_culture_far_haradrim;Dark Shrine of;Temple Noir de;;;;;x;; ;;;;;;
;;;;;;;x;;;;;;;;
#DUNLENDINGS;;x;;;;;;x;;;;;;;
emperor_culture_dunlending;Great Warlord;Haut-Roi;;;;;x;;;;;;;;
king_culture_dunlending;High Warlord;Roi;;;;;x;;;;;;;;
duke_culture_dunlending;Warlord;Seigneur de Guerre;;;;;x;
count_culture_dunlending;Headman;Chef;;;;;x;
city_baron_culture_dunlending;Head;Chef;;;;;x;
baron_culture_dunlending;Captain;Capitaine;;;;;x;
temple_baron_culture_dunlending;Priest;Prêtre;;;;;x;
empire_of_culture_dunlending;Great Kingdom of;Royaume de;;;;;x;
kingdom_of_culture_dunlending;Kingdom of;Royaume de;;;;;x;
duchy_of_culture_dunlending;Clan of;Clan de;;;;;x;
county_of_culture_dunlending;Village of;Village de;;;;;x;
city_barony_of_culture_dunlending;Huts of;Huttes de;;;;;x;
barony_of_culture_dunlending;Fort of;Fort de;;;;;x;
temple_barony_of_culture_dunlending;Altar of;Autel de;;;;;x;
;;;;;;;x;
#ADUNAIC;;x;;;;;;x
emperor_culture_adunaic;High King;Haut-Roi;;;;;x;
king_culture_adunaic;King;Roi;;;;;x;
duke_culture_adunaic;Guardian;Gardien;;;;;x;;;;;;;
count_culture_adunaic;Lord;Seigneur;;;;;x;;;;;;;
city_baron_culture_adunaic;Lord Mayor;Seigneur-Maire;;;;;x;;;;;;;
baron_culture_adunaic;Sir;Sire;;;;;x;;;;;;;
temple_baron_culture_adunaic;Custodian of Traditions;Gardien des Traditions;;;;;;;;;;;; 
emperor_female_culture_adunaic;High Queen;Haute-Reine;;;;;;;;;;;; 
king_female_culture_adunaic;Queen;Reine;;;;;;;;;;;; 
duke_female_culture_adunaic;Guardian;Gardienne;;;;;;;;;;;;
count_female_culture_adunaic;Lady;Dame;;;;;;;;;;;;
empire_of_culture_adunaic;High Kingdom of;Royaume de;;;;;;;;;;;;
kingdom_of_culture_adunaic;Kingdom of;Royaume de;;;;;;;;;;;;
duchy_of_culture_adunaic;Watch of;District de;;;;;x;;;;;;;
county_of_culture_adunaic;Territory of;Territoire de;;;;;x;;;;;;;
city_barony_of_culture_adunaic;City of;Cité de;;;;;x;;;;;;;
barony_of_culture_adunaic;Citadel of;Citadelle de;;;;;x;;;;;;;
temple_barony_of_culture_adunaic;House of Traditions of;Maison des Traditions de;;;;;x;;;;;;;
;;;;;;;x;
#WILDERNESS;;x;;;;;;x
emperor_culture_wilderness;The;Le;;;;;x;
king_culture_wilderness;The;Le;;;;;x;
duke_culture_wilderness;The;Le;;;;;x;
count_culture_wilderness;The;Le;;;;;x;
city_baron_culture_wilderness;The;Le;;;;;x;
baron_culture_wilderness;The;Le;;;;;x;
temple_baron_culture_wilderness;The;Le;;;;;x;
emperor_female_culture_wilderness;The;La;;;;;x;
king_female_culture_wilderness;The;La;;;;;x;
duke_female_culture_wilderness;The;La;;;;;x;
count_female_culture_wilderness;The;La;;;;;x;
empire_of_culture_wilderness;Lands of;Pays de;;;;;x;
kingdom_of_culture_wilderness;Lands of;Pays de;;;;;x;
duchy_of_culture_wilderness;Lands of;Pays de;;;;;x;
county_of_culture_wilderness;Lands of;Pays de;;;;;x;
city_barony_of_culture_wilderness;Ruins of;Ruines de;;;;;x;
barony_of_culture_wilderness;Ruins of;Ruines de;;;;;x;
temple_barony_of_culture_wilderness;Ruins of;Ruines de;;;;;x;
;;;;;;;x;
#HALADIN;;x;;;;;;x
emperor_culture_haladin;Great Halad;Grand Halad;;;;;x;
king_culture_haladin;Halad;Halad;;;;;x;
duke_culture_haladin;Head;Chef;;;;;x;
count_culture_haladin;Guardian;Gardien;;;;;x;
city_baron_culture_haladin;Custodian;Gardien;;;;;x;
baron_culture_haladin;Captain;Capitaine;;;;;x;
temple_baron_culture_haladin;Priest;Prêtre;;;;;x;
empire_of_culture_haladin;Kingdom of;Royaume de;;;;;x;
kingdom_of_culture_haladin;House of;Maison de;;;;;x;
duchy_of_culture_haladin;Clan of;Clan de;;;;;x;
county_of_culture_haladin;Village of;Village de;;;;;x;
city_barony_of_culture_haladin;Huts of;Cabanes de;;;;;x;
barony_of_culture_haladin;Fort of;Fort de;;;;;x;
temple_barony_of_culture_haladin;Altar of;Autel de;;;;;x;
;;;;;;;x;
#DWARVES;;x;;;;;;x
emperor_culture_group_dwarves;King;Roi;;;;;x;
king_culture_group_dwarves;King;Roi;;;;;x;
duke_culture_group_dwarves;Lord;Seigneur;;;;;x;
count_culture_group_dwarves;Guardian;Seigneur;;;;;x;
city_baron_culture_group_dwarves;Ward;Gardien;;;;;x;
baron_culture_group_dwarves;Keeper;Garde;;;;;x;
temple_baron_culture_group_dwarves;Priest;Prêtre;;;;;x;
empire_of_culture_group_dwarves;Realm of;Royaume de;;;;;x;
kingdom_of_culture_group_dwarves;Realm of;Royaume de;;;;;x;
duchy_of_culture_group_dwarves;District of;District de;;;;;x;
county_of_culture_group_dwarves;Halls of;Salles de;;;;;x;
city_barony_of_culture_group_dwarves;Chambers of;Chambres de;;;;;x;
barony_of_culture_group_dwarves;Vault of;Cave de;;;;;x;
temple_barony_of_culture_group_dwarves;Shrine of Mahal of;Temple de Mahal de;;;;;x;
;;;;;;;x;
#BARDING;;x;;;;;;x
emperor_culture_barding;High King;Haut-Roi;;;;;x;
king_culture_barding;King;Roi;;;;;x;
duke_culture_barding;Guardian;Gardien;;;;;x;
count_culture_barding;Governor;Seigneur;;;;;x;
city_baron_culture_barding;Mayor;Maire;;;;;x;
baron_culture_barding;Sir;Sire;;;;;x;
temple_baron_culture_barding;Custodian of Traditions;Gardien des Lois;;;;;x;
emperor_female_culture_barding;High Queen;Haute-Reine;;;;;x;
king_female_culture_barding;Queen;Reine;;;;;x;
duke_female_culture_barding;Guardian;Gardienne;;;;;x;
count_female_culture_barding;Lady;Dame;;;;;x
empire_of_culture_barding;High Kingdom of;Royaume de;;;;;x
kingdom_of_culture_barding;Kingdom of;Royaume de;;;;;x
duchy_of_culture_barding;Territory of;Territoire de;;;;;x
county_of_culture_barding;Governorship of;District de;;;;;x
city_barony_of_culture_barding;City of;Cité de;;;;;x
barony_of_culture_barding;Castle of;Château de;;;;;x
temple_barony_of_culture_barding;House of Traditions of;Maison des Lois de;;;;;x
city_empire_of_culture_barding;Land of;Pays de;;;;;x
city_kingdom_of_culture_barding;Land of;Pays de;;;;;x
city_duchy_of_culture_barding;City of;Cité de;;;;;x
city_county_of_culture_barding;City of;Cité de;;;;;x
city_count_culture_barding;Master;Maitre;;;;;x
city_duke_culture_barding;Master;Maitre;;;;;x
city_king_culture_barding;GrandMaster;Grand-Maitre;;;;;x
;;;;;;;x
;;;;;;;x;
#NUMENOREAN;;x;;;;;;x
emperor_culture_numenorean;King;Roi;;;;;x;
king_culture_numenorean;Prince;Prince;;;;;x;
duke_culture_numenorean;Governor;Gouverneur;;;;;x;
count_culture_numenorean;Lord;Seigneur;;;;;x;
city_baron_culture_numenorean;Lord Mayor;Seigneur-Maire;;;;;x;
baron_culture_numenorean;Sir;Capitaine;;;;;x;
temple_baron_culture_numenorean;Custodian of Traditions;;;;;;x;
emperor_female_culture_numenorean;Queen;Reine;;;;;x;
king_female_culture_numenorean;Princess;Princess;;;;;x;
duke_female_culture_numenorean;Governor;Gouverneur;;;;;x;
count_female_culture_numenorean;Lady;Dame;;;;;x;
empire_of_culture_numenorean;Kingdom of;Royaume de;;;;;x;
kingdom_of_culture_numenorean;Principality of;Principauté de;;;;;x;
duchy_of_culture_numenorean;District of;District de;;;;;x;
county_of_culture_numenorean;Lordship of;Seigneurie de;;;;;x;
city_barony_of_culture_numenorean;City of;Cité de;;;;;x;
barony_of_culture_numenorean;Citadel of;Citadelle de;;;;;x;
temple_barony_of_culture_numenorean;House of Traditions of;Maison des Traditions de;;;;;x;
;;;;;;;x;
#BLACK NUMENOREAN;;x;;;;;;x
emperor_culture_black_numenorean;High King;Haut-Roi;;;;;x;
king_culture_black_numenorean;King;Roi;;;;;x;
duke_culture_black_numenorean;Prince;Prince;;;;;x;
count_culture_black_numenorean;Governor;Gouverneur;;;;;x;
city_baron_culture_black_numenorean;Lord;Seigneur;;;;;x;
baron_culture_black_numenorean;Sir;Capitaine;;;;;x;
temple_baron_culture_black_numenorean;Dark Priest;Prêtre Noir;;;;;x;
emperor_female_culture_black_numenorean;High Queen;Haute-Reine;;;;;x;
king_female_culture_black_numenorean;Queen;Reine;;;;;x;
duke_female_culture_black_numenorean;Princess;Princesse;;;;;x;
count_female_culture_black_numenorean;Governor;Gouverneur;;;;;x
empire_of_culture_black_numenorean;Kingdom of;Royaume de;;;;;x
kingdom_of_culture_black_numenorean;Kingdom of;Royaume de;;;;;x
duchy_of_culture_black_numenorean;Governorship of;District de;;;;;x
county_of_culture_black_numenorean;Lordship of;Seigneurie de;;;;;x
city_barony_of_culture_black_numenorean;City of;Cité de;;;;;x
barony_of_culture_black_numenorean;Citadel of;Citadelle de;;;;;x
temple_barony_of_culture_black_numenorean;Hall of Darkness of;Salles Noires de;;;;;x
city_empire_of_culture_black_numenorean;Black Fleet of;Flotte Noire de;;;;;x
city_kingdom_of_culture_black_numenorean;Black Fleet of;Flotte Noire de;;;;;x
city_duchy_of_culture_black_numenorean;Black Fleet of;Flotte Noire de;;;;;x
city_county_of_culture_black_numenorean;Black Fleet of;Flotte Noire de;;;;;x
city_count_culture_black_numenorean;Captain;Capitaine;;;;;x
city_duke_culture_black_numenorean;Lord Captain;Armateur en Chef;;;;;x
city_king_culture_black_numenorean;Lord Captain;Armateur en Chef;;;;;x
family_palace_culture_black_numenorean;Shipyard;Chantier Naval;;;;;x
family_palace_baron_culture_black_numenorean;Captain;Capitaine;;;;;x;
family_palace_baron_female_culture_black_numenorean;Captain;Capitaine;;;;;x;
family_palace_barony_of_culture_black_numenorean;Shipyard of;Chantier Naval de;;;;;x;
family_palace_baron_foa_culture_black_numenorean;Sir;Sir;;;;;x;
family_palace_baron_deed_culture_black_numenorean;Chair of;Siège de;;;;;x;
;;;;;;;x;
#QUENDI;;x;;;;;;x
emperor_culture_group_quendi;High King;Haut-Roi;;;;;x;
king_culture_group_quendi;King;Roi;;;;;x;
duke_culture_group_quendi;Lord;Seigneur;;;;;x;
count_culture_group_quendi;Lord;Seigneur;;;;;x;
city_baron_culture_group_quendi;Protector;Protecteur;;;;;x;
baron_culture_group_quendi;Sentry;Capitaine;;;;;x;
temple_baron_culture_group_quendi;Priest;Prêtre;;;;;x;
emperor_female_culture_group_quendi;High Queen;Haute-Reine;;;;;x;
king_female_culture_group_quendi;Queen;Reine;;;;;x;
duke_female_culture_group_quendi;Lady;Dame;;;;;x;
count_female_culture_group_quendi;Lady;Dame;;;;;x;
empire_of_culture_group_quendi;High Kingdom of;Royaume de;;;;;x;
kingdom_of_culture_group_quendi;Kingdom of;Royaume de;;;;;x;
duchy_of_culture_group_quendi;High Lordship of;Grande Seigneurie de;;;;;x;
county_of_culture_group_quendi;Lordship of;Seigneurie de;;;;;x;
city_barony_of_culture_group_quendi;Halls of;Salles de;;;;;x;
barony_of_culture_group_quendi;Outpost of;Avant-Poste de;;;;;x;
temple_barony_of_culture_group_quendi;Valar Shrine of;Temple des Valar de;;;;;x;
;;;;;;;x;
#AMANYAR;;x;;;;;;x
emperor_culture_group_amanyar;High King;Haut-Roi;;;;;x;
king_culture_group_amanyar;King;Roi;;;;;x;
duke_culture_group_amanyar;Lord;Seigneur;;;;;x;
count_culture_group_amanyar;Lord;Seigneur;;;;;x;
city_baron_culture_group_amanyar;Protector;Protecteur;;;;;x;
baron_culture_group_amanyar;Sentry;Capitaine;;;;;x;
temple_baron_culture_group_amanyar;Priest;Prêtre;;;;;x;
emperor_female_culture_group_amanyar;High Queen;Haute-Reine;;;;;x;
king_female_culture_group_amanyar;Queen;Reine;;;;;x;
duke_female_culture_group_amanyar;Lady;Dame;;;;;x;
count_female_culture_group_amanyar;Lady;Dame;;;;;x;
empire_of_culture_group_amanyar;High Kingdom of;Royaume de;;;;;x;
kingdom_of_culture_group_amanyar;Kingdom of;Royaume de;;;;;x;
duchy_of_culture_group_amanyar;High Lordship of;Grande Seigneurie de;;;;;x;
county_of_culture_group_amanyar;Lordship of;Seigneurie de;;;;;x;
city_barony_of_culture_group_amanyar;Halls of;Salles de;;;;;x;
barony_of_culture_group_amanyar;Outpost of;Avant-Poste de;;;;;x;
temple_barony_of_culture_group_amanyar;Valar Shrine of;Temple des Valar de;;;;;x;
;;;;;;;x;
#UMANYAR;;x;;;;;;x
emperor_culture_group_umanyar;High King;Haut-Roi;;;;;x;
king_culture_group_umanyar;King;Roi;;;;;x
duke_culture_group_umanyar;Lord;Seigneur;;;;;x
count_culture_group_umanyar;Lord;Seigneur;;;;;x
city_baron_culture_group_umanyar;Protector;Protecteur;;;;;x
baron_culture_group_umanyar;Sentry;Capitaine;;;;;x
temple_baron_culture_group_umanyar;Priest;Prêtre;;;;;x
emperor_female_culture_group_umanyar;High Queen;Haute-Reine;;;;;x
king_female_culture_group_umanyar;Queen;Reine;;;;;x
duke_female_culture_group_umanyar;Lady;Dame;;;;;x
count_female_culture_group_umanyar;Lady;Dame;;;;;x
empire_of_culture_group_umanyar;High Kingdom of;Royaume de;;;;;x
kingdom_of_culture_group_umanyar;Kingdom of;Royaume de;;;;;x
duchy_of_culture_group_umanyar;High Lordship of;Grande Seigneurie de;;;;;x
county_of_culture_group_umanyar;Lordship of;Seigneurie de;;;;;x
city_barony_of_culture_group_umanyar;Halls of;Salles de;;;;;x
barony_of_culture_group_umanyar;Outpost of;Avant-Poste de;;;;;x
temple_barony_of_culture_group_umanyar;Valar Shrine of;Temple des Valar de;;;;;x;
city_empire_of_culture_group_umanyar;Sindar Mariners of;Marins Sindar du;;;;;x;
city_kingdom_of_culture_group_umanyar;Sindar Mariners of;Marins Sindar du;;;;;x;
city_duchy_of_culture_group_umanyar;Sindar Mariners of;Marins Sindar du;;;;;x;
city_county_of_culture_group_umanyar;Sindar Mariners of;Marins Sindar du;;;;;x;
city_count_culture_group_umanyar;Captain;Capitaine;;;;;x;
city_duke_culture_group_umanyar;Lord Captain;Armateur en Chef;;;;;x;
city_king_culture_group_umanyar;Lord Captain;Armateur en Chef;;;;;x;
family_palace_culture_group_umanyar;Shipyard;Chantier Naval;;;;;x;
family_palace_baron_culture_group_umanyar;Captain;Capitaine;;;;;x;
family_palace_baron_female_culture_group_umanyar;Captain;Capitaine;;;;;x;
family_palace_barony_of_culture_group_umanyar;Shipyard of;Chantier Naval de;;;;;x;
family_palace_baron_foa_culture_group_umanyar;Sir;Sir;;;;;x;
family_palace_baron_deed_culture_group_umanyar;Chair of;Siège de;;;;;x;
;;;;;;;x;
#MORIQUENDI;;x;;;;;;x
emperor_culture_group_moriquendi;High King;Haut-Roi;;;;;x
king_culture_group_moriquendi;King;Roi;;;;;x
duke_culture_group_moriquendi;Lord;Seigneur;;;;;x
count_culture_group_moriquendi;Lord;Seigneur;;;;;x
city_baron_culture_group_moriquendi;Protector;Protecteur;;;;;x
baron_culture_group_moriquendi;Sentry;Capitaine;;;;;x
temple_baron_culture_group_moriquendi;Priest;Prêtre;;;;;x
emperor_female_culture_group_moriquendi;High Queen;Haute-Reine;;;;;x
king_female_culture_group_moriquendi;Queen;Reine;;;;;x
duke_female_culture_group_moriquendi;Lady;Dame;;;;;x
count_female_culture_group_moriquendi;Lady;Dame;;;;;x
empire_of_culture_group_moriquendi;High Kingdom of;Royaume de;;;;;x
kingdom_of_culture_group_moriquendi;Kingdom of;Royaume de;;;;;x
duchy_of_culture_group_moriquendi;High Lordship of;Grande Seigneurie de;;;;;x
county_of_culture_group_moriquendi;Lordship of;Seigneurie de;;;;;x
city_barony_of_culture_group_moriquendi;Halls of;Salles de;;;;;x
barony_of_culture_group_moriquendi;Outpost of;Avant-Poste de;;;;;x;
temple_barony_of_culture_group_moriquendi;Valar Shrine of;Temple des Valar de;;;;;x;
;;;;;;;x;
#BREELANDER;;x;;;;;;x
emperor_culture_breelander;King;Roi;;;;;x;
king_culture_breelander;Governor;Gouverneur;;;;;x;
duke_culture_breelander;Mayor;Maitre;;;;;x;
count_culture_breelander;Riff;Riff ;;;;;x;
city_baron_culture_breelander;Master;Maitre;;;;;x;
baron_culture_breelander;Deputy Mayor;Adjoint au Maire;;;;;x;
temple_baron_culture_breelander;Custodian of Ancestors;Gardien des Ancetres;;;;;x;
emperor_female_culture_breelander;High Queen;Haute-Reine;;;;;x;
king_female_culture_breelander;Queen;Reine;;;;;x;
duke_female_culture_breelander;Governor;Gouverneur;;;;;x;
count_female_culture_breelander;Lady Mayor;Dame-Maire;;;;;x;
empire_of_culture_breelander;High Kingdom of;Royaume de;;;;;x;
kingdom_of_culture_breelander;Kingdom of;Royaume de;;;;;x;
duchy_of_culture_breelander;Territories of;Territoire de;;;;;x;
county_of_culture_breelander;Town of;Ville de;;;;;x;
city_barony_of_culture_breelander;Village of;Village de;;;;;x;
barony_of_culture_breelander;Town Hall of;Hotel de Ville de;;;;;x;
temple_barony_of_culture_breelander;House of Ancestors of;Maison des Ancetres de;;;;;x;
;;;;;;;x;
#EASTERLING;;x;;;;;;x
emperor_culture_easterling;Supreme Chief;Chef Suprême;;;;;x;
king_culture_easterling;High Chief;Haut-Chef;;;;;x;
duke_culture_easterling;Chief;Chef;;;;;x;
count_culture_easterling;Master;Maitre;;;;;x;
city_baron_culture_easterling;Head;Maire;;;;;x;
baron_culture_easterling;Guard;Gardien;;;;;x;
temple_baron_culture_easterling;Dark Priest;Prêtre Noir;;;;;x;
empire_of_culture_easterling;Tribal Empire of;Empire Tribal de;;;;;x;
kingdom_of_culture_easterling;Tribes of;Tribu de;;;;;x;
duchy_of_culture_easterling;Clans of;Clan de;;;;;x;
county_of_culture_easterling;Encampment of;Campement de;;;;;x;
city_barony_of_culture_easterling;Caravans of;Caravane de;;;;;x;
barony_of_culture_easterling;Blockhouse of;Camp Fortifié de;;;;;x;
temple_barony_of_culture_easterling;Dark Shrine of;Temple Noir de;;;;;x;
;;;;;;;x;
#BALCOTH;;x;;;;;;x
emperor_culture_balchoth;King;Roi;;;;;x;
king_culture_balchoth;Lord;Seigneur;;;;;x;
duke_culture_balchoth;Chief;Chef;;;;;x;
count_culture_balchoth;Master;Maitre;;;;;x;
city_baron_culture_balchoth;Head;Maire;;;;;x;
baron_culture_balchoth;Guard;Gardien;;;;;x;
temple_baron_culture_balchoth;Priest;Prêtre;;;;;x;
empire_of_culture_balchoth;Tribal Union of;Union Tribale de;;;;;x;
kingdom_of_culture_balchoth;Tribes of;Tribu de;;;;;x;
duchy_of_culture_balchoth;Clans of;Clan de;;;;;x;
county_of_culture_balchoth;Encampment of;Campement de;;;;;x;
city_barony_of_culture_balchoth;Caravans of;Caravane de;;;;;x;
barony_of_culture_balchoth;Blockhouse of;Camp Fortifié de;;;;;x;
temple_barony_of_culture_balchoth;Shrine of;Temple de;;;;;x;
;;;;;;;x;
#WAINRIDERS;;x;;;;;;x
emperor_culture_wainriders;Supreme Chief;Roi;;;;;x;
king_culture_wainriders;High Chief;Seigneur;;;;;x;
duke_culture_wainriders;Chief;Chef;;;;;x;
count_culture_wainriders;Master;Maitre;;;;;x;
city_baron_culture_wainriders;Head;Maire;;;;;x;
baron_culture_wainriders;Guard;Gardien;;;;;x;
temple_baron_culture_wainriders;Dark Priest;Prêtre Noir;;;;;x;
empire_of_culture_wainriders;Tribal Federation of;Fédération Tribale de;;;;;x;
kingdom_of_culture_wainriders;Federation of;Tribu de;;;;;x
duchy_of_culture_wainriders;Clans of;Clan de;;;;;x
county_of_culture_wainriders;Fortified Camp of;Campement de;;;;;x
city_barony_of_culture_wainriders;Caravans of;Caravane de;;;;;x
barony_of_culture_wainriders;Blockhouse of;Camp Fortifié de;;;;;x
temple_barony_of_culture_wainriders;Dark Shrine of;Temple Noir de;;;;;x
;;;;;;;x
#VARIAGS;;;;;;;x
emperor_culture_variags;Supreme Chief;Roi;;;;;x
king_culture_variags;High Chief;Seigneur;;;;;x
duke_culture_variags;Chief;Chef;;;;;x
count_culture_variags;Master;Maitre;;;;;x
city_baron_culture_variags;Head;Maire;;;;;x
baron_culture_variags;Guard;Gardien;;;;;x
temple_baron_culture_variags;Dark Priest;Prêtre Noir;;;;;x
empire_of_culture_variags;Tribal Union of;Union Tribale de;;;;;x
kingdom_of_culture_variags;Tribes of;Tribu de;;;;;x
duchy_of_culture_variags;Clans of;Clan de;;;;;x
county_of_culture_variags;Encampment of;Campement de;;;;;x
city_barony_of_culture_variags;Caravans of;Caravane de;;;;;x
barony_of_culture_variags;Blockhouse of;Camp Fortifié de;;;;;x
temple_barony_of_culture_variags;Dark Shrine of;Temple Noir de;;;;;x
;;;;;;;x
#MAIAR;;;;;;;x
emperor_culture_maiar;Lord;Roi;;;;;x
king_culture_maiar;Lord;Seigneur;;;;;x
duke_culture_maiar;Chief;Chef;;;;;x
count_culture_maiar;Captain;Capitaine;;;;;x
city_baron_culture_maiar;Master;Maitre;;;;;x
baron_culture_maiar;Ward;Gardien;;;;;x
temple_baron_culture_maiar;Priest;Prêtre;;;;;x
empire_of_culture_maiar;Kingdom of;Royaume de;;;;;x
kingdom_of_culture_maiar;Lands of;Pays de;;;;;x
duchy_of_culture_maiar;Territory of;Territoire de;;;;;x
county_of_culture_maiar;Demesne of;Domaine de;;;;;x
city_barony_of_culture_maiar;City of;Ville de;;;;;x
barony_of_culture_maiar;Fortress of;Forteresse de;;;;;x
temple_barony_of_culture_maiar;Shrine of;Temple de;;;;;x
;;;;;;;x
#ISTARI;;;;;;;x
emperor_culture_istari;Supreme Lord;Roi-Seigneur;;;;;x
king_culture_istari;Master;Maitre;;;;;x
duke_culture_istari;Lord;Seigneur;;;;;x
count_culture_istari;Protector;Protecteur;;;;;x
city_baron_culture_istari;Master;Maitre;;;;;x
baron_culture_istari;Ward;Gardien;;;;;x
temple_baron_culture_istari;Mage;Prêtre;;;;;x
empire_of_culture_istari;Kingdom of;Royaume de;;;;;x
kingdom_of_culture_istari;Lands of;Pays de;;;;;x;
duchy_of_culture_istari;Demesne of;Domaine de;;;;;x;
county_of_culture_istari;Demesne of;Domaine de;;;;;x;
city_barony_of_culture_istari;Halls of;Maison de;;;;;x;
barony_of_culture_istari;Fortress of;Tour de;;;;;x;
temple_barony_of_culture_istari;Enchantments Room of;Salles des Enchantements de;;;;;x;
;;;;;;;x;
#ARNORIAN;;x;;;;;;x
emperor_culture_arnorian;King;Roi;;;;;x;
king_culture_arnorian;King;Roi;;;;;x;
duke_culture_arnorian;Governor;Gouverneur;;;;;x;
count_culture_arnorian;Lord;Seigneur;;;;;x;
city_baron_culture_arnorian;Captain;Capitaine;;;;;x;
baron_culture_arnorian;Sire;Sire;;;;;x;
temple_baron_culture_arnorian;Custodian of Traditions;Gardien des Traditions;;;;;x;
emperor_female_culture_arnorian;Queen;Reine;;;;;x;
king_female_culture_arnorian;Princess;Princess;;;;;x
duke_female_culture_arnorian;Governor;Gouverneur;;;;;x
count_female_culture_arnorian;Lady;Dame;;;;;x
empire_of_culture_arnorian;Kingdom of;Royaume de;;;;;x
kingdom_of_culture_arnorian;Kingdom of;Royaume de;;;;;x
duchy_of_culture_arnorian;District of;District de;;;;;x
county_of_culture_arnorian;Lordship of;Seigneurie de;;;;;x
city_barony_of_culture_arnorian;City of;Cité de;;;;;x
barony_of_culture_arnorian;Citadel of;Citadelle de;;;;;x
temple_barony_of_culture_arnorian;House of Traditions of;Maison des Traditions de;;;;;x
city_empire_of_culture_arnorian;Guild of Venturers of;Guilde des Aventuriers de;;;;;x
city_kingdom_of_culture_arnorian;Guild of Venturers of;Guilde des Aventuriers de;;;;;x
city_duchy_of_culture_arnorian;Guild of Venturers of;Guilde des Aventuriers de;;;;;x
city_county_of_culture_arnorian;Guild of Venturers of;Guilde des Aventuriers de;;;;;x
city_count_culture_arnorian;Captain;Capitaine;;;;;x
city_duke_culture_arnorian;Lord Captain;Armateur en Chef;;;;;x
city_king_culture_arnorian;Lord Captain;Armateur en Chef;;;;;x
family_palace_culture_arnorian;Shipyard;Chantier Naval;;;;;x
family_palace_baron_culture_arnorian;Captain;Capitaine;;;;;x
family_palace_baron_female_culture_arnorian;Captain;Capitaine;;;;;x
family_palace_barony_of_culture_arnorian;Shipyard of;Chantier Naval de;;;;;x
family_palace_baron_foa_culture_arnorian;Sir;Sir;;;;;x
family_palace_baron_deed_culture_arnorian;Chair of;Siège de;;;;;x

#LOSSOTH;;x;;;;;
emperor_culture_lossoth;Supreme Chieftain;Chef Suprême;;;;;x
king_culture_lossoth;Great Chieftain;Grand-Chef;;;;;x
duke_culture_lossoth;High Chieftain;Haut-Chef;;;;;x
count_culture_lossoth;Chieftain;Chef;;;;;x
city_baron_culture_lossoth;Hunt Master;Maitre de Chasse;;;;;x
baron_culture_lossoth;Bowmen Master;Maitre des Archers;;;;;x
temple_baron_culture_lossoth;Henkinimittäji;Henkinimittäji;;;;;x
empire_of_culture_lossoth;Great Clan of;Grand Clan de;;;;;x;
kingdom_of_culture_lossoth;Great Clan of;Grand Clan de;;;;;x;
duchy_of_culture_lossoth;Clans of;Clan de;;;;;x;
county_of_culture_lossoth;Tribe of;Tribu de;;;;;x;
city_barony_of_culture_lossoth;Huts of;Cabanes de;;;;;x;
barony_of_culture_lossoth;Bowyers' Hall of;Salles des Archers de;;;;;x;
temple_barony_of_culture_lossoth;Hunters' Hall of;Pavillon de Chasse de;;;;;x;

#Mountains Wilderness;;x;;;;;;x
emperor_culture_mountains;The;Le;;;;;x;
king_culture_mountains;The;Le;;;;;x;
duke_culture_mountains;The;Le;;;;;x;
count_culture_mountains;The;Le;;;;;x;
city_baron_culture_mountains;The;Le;;;;;x;
baron_culture_mountains;The;Le;;;;;x;
temple_baron_culture_mountains;The;Le;;;;;x;
emperor_female_culture_mountains;The;La;;;;;x;
king_female_culture_mountains;The;La;;;;;x;
duke_female_culture_mountains;The;La;;;;;x;
count_female_culture_mountains;The;La;;;;;x;
empire_of_culture_mountains;Mountains of;Montagnes de;;;;;x;
kingdom_of_culture_mountains;Mountains of;Montagnes de;;;;;x;
duchy_of_culture_mountains;Mountains of;Montagnes de;;;;;x;
county_of_culture_mountains;Mountains of;Montagnes de;;;;;x;
city_barony_of_culture_mountains;Mountains of;Montagnes de;;;;;x;
barony_of_culture_mountains;Mountains of;Montagnes de;;;;;x;
temple_barony_of_culture_mountains;Mountains of;Montagnes de;;;;;x;

#Mountains Wilderness;;x;;;;;;x
emperor_culture_spider;His Supreme Lordship;;;;;;x;
king_culture_spider;His Great Lordship;;;;;;x;
duke_culture_spider;His High Lordship;;;;;;x;
count_culture_spider;His Lordship;;;;;;x
city_baron_culture_spider;His Lordship;;;;;;x
baron_culture_spider;His Lordship;;;;;;x
temple_baron_culture_spider;His Lordship;;;;;;x
emperor_female_culture_spider;Her Supreme Ladyship;;;;;;x
king_female_culture_spider;Her Great Ladyship;;;;;;x
duke_female_culture_spider;Her High Ladyship;;;;;;x
count_female_culture_spider;Her Ladyship;;;;;;x
empire_of_culture_spider;Scourge of;;;;;;x
kingdom_of_culture_spider;Great Nest of;;;;;;x
duchy_of_culture_spider;Nest of;;;;;;x
county_of_culture_spider;Brood of;;;;;;x
city_barony_of_culture_spider;Brood of;;;;;;x
barony_of_culture_spider;Brood of;;;;;;x
temple_barony_of_culture_spider;Brood of;;;;;;x
